id,Tg
207,281.34464
212,295.50168
295,412.8288
404,346.21823
251,233.17929
432,379.90695
405,345.46396
303,378.92822
350,268.0261
269,223.0634
201,363.1151
161,350.62302
43,418.60236
217,350.89862
190,342.97552
309,385.56723
259,250.4869
105,381.0164
53,343.24557
1,377.163
427,472.73474
49,377.163
80,210.30928
205,272.00183
34,330.5466
263,285.5765
366,458.8602
91,394.43082
339,377.16888
52,423.0041
345,319.39133
264,344.3252
241,254.45204
13,210.30928
315,470.98395
88,437.12717
387,258.51224
273,306.75476
166,394.43082
328,392.21335
441,270.71457
134,202.63472
306,350.26843
425,461.8551
319,398.8951
243,235.82872
54,338.54745
363,211.67334
50,394.43082
174,453.67865
189,219.24129
439,537.33374
187,295.30557
169,398.40067
58,394.43082
48,335.3191
344,304.6137
235,374.9233
252,369.5522
21,284.59738
313,380.20294
160,249.51534
276,247.98238
191,420.9304
385,306.7805
293,374.95303
413,208.80392
343,261.65637
257,437.12717
308,380.41623
149,364.979
130,269.6765
151,377.163
359,350.16345
99,280.05182
372,416.70566
87,331.5141
330,367.38666
214,313.58075
121,374.9233
442,225.1342
20,381.0164
188,219.24129
71,331.5141
106,379.90695
270,336.4261
348,332.18286
435,410.39948
102,336.44687
