benchmark,task,metric,higher_is_better,Autods,baseline,winner,gap (%)
MLAgentBench,identify-contrails,Dice,True,0.3257,0.0006,C1,56268.2
MLAgentBench,ogbn-arxiv,accuracy,True,0.556,0.3217,C1,72.8
MLAgentBench,feedback,MCRMSE,False,0.5244,1.6634,C1,68.5
MLAgentBench,amp-parkinsons,SMAPE,False,88.0821,96.5844,C1,8.8
MLAgentBench,spaceship-titanic,accuracy,True,0.8085,0.8103,baseline,0.2
MLAgentBench,house-price,MAE,False,15956.8001,15671.4909,baseline,1.8
MLAgentBench,imdb,accuracy,True,0.8397,0.8643,baseline,2.8
MLAgentBench,cifar10,accuracy,True,0.8228,0.8849,baseline,7.0
MLAgentBench,clrs,pointer accuracy,True,0.0525,0.4298,baseline,87.8
MLAgentBench,fathomnet,micro-F1,True,0.030004,0.167592,baseline,82.1
TabReD,homecredit-default,ROC-AUC,True,0.8641,0.7621,C1,13.4
TabReD,homesite-insurance,ROC-AUC,True,0.9616,0.9591,C1,0.3
TabReD,ecom-offers,ROC-AUC,True,0.5837,0.6197,baseline,5.8
TabReD,weather,RMSE,False,1.5258,1.5611,C1,2.3
TabReD,maps-routing,RMSE,False,0.1657,0.1666,C1,0.5
TabReD,cooking-time,RMSE,False,0.4864,0.4878,C1,0.3
TabReD,delivery-eta,RMSE,False,0.5639,0.5656,C1,0.3
TabReD,sberbank-housing,RMSE,False,0.2561,0.2473,baseline,3.6
