benchmark,task,trial,model_fitted,installed_by_agent,hyperparameter_search,fixed_hyperparameters,steps
MLAgentBench,amp-parkinsons,amp-parkinsons__UsTSQyv,RandomForest,—,none,n_estimators=100,6
MLAgentBench,imdb,imdb__ZRmt6qj,none detected,pandas scikit-learn torch transformers,none,—,26
TabReD,cooking-time,cooking-time__kDLHD3A,LightGBM,lightgbm pandas scikit-learn,none,learning_rate=0.05; n_estimators=1000; early stopping,6
TabReD,delivery-eta,delivery-eta__bwytFUW,LightGBM,lightgbm pandas scikit-learn,none,learning_rate=0.05; n_estimators=1000; num_leaves=31; early stopping,7
TabReD,ecom-offers,ecom-offers__sqyJRTN,LightGBM,lightgbm pandas numpy scikit-learn,none,learning_rate=0.05; n_estimators=1000; num_leaves=31; early stopping,7
TabReD,homecredit-default,homecredit-default__Kbpt4BE,LightGBM,lightgbm pandas scikit-learn,none,learning_rate=0.05; n_estimators=1000; num_leaves=31; early stopping,6
TabReD,homesite-insurance,homesite-insurance__MaPWQ7H,LightGBM,lightgbm scikit-learn pandas,none,learning_rate=0.05; n_estimators=1000; num_leaves=31; early stopping,8
TabReD,maps-routing,maps-routing__j8RhzGD,XGBoost+HistGradientBoosting,—,none,learning_rate=0.05; n_estimators=1000; early stopping,8
TabReD,sberbank-housing,sberbank-housing__5FnFb6N,LightGBM+HistGradientBoosting,—,none,learning_rate=0.05; n_estimators=1000,6
TabReD,weather,weather__jwmgAim,LightGBM,lightgbm scikit-learn,none,early stopping,7
TabReD,cooking-time,cooking-time__BLWnb6X,LightGBM,libgomp1 (apt),none,"lr=0.05, n_estimators=1000, num_leaves=31, early_stopping",8
TabReD,cooking-time,cooking-time__BxFoZBk,LightGBM,libgomp1 (apt),none,"lr=0.05, n_estimators=1000, num_leaves=31, early_stopping",9
TabReD,cooking-time,cooking-time__vwphu4k,LightGBM,libgomp1 (apt),none,"lr=0.05, n_estimators=1000, num_leaves=31, early_stopping",8
TabReD,delivery-eta,delivery-eta__A38nq8J,LightGBM,libgomp1 (apt),none,"lr=0.05, n_estimators=1000, num_leaves=31, early_stopping",7
TabReD,delivery-eta,delivery-eta__CqJZxdf,LightGBM,libgomp1 (apt),none,"lr=0.05, n_estimators=1000, num_leaves=31, early_stopping",8
TabReD,delivery-eta,delivery-eta__KeZUjrj,LightGBM,libgomp1 (apt),none,"lr=0.05, n_estimators=1000, num_leaves=31, early_stopping",8
TabReD,ecom-offers,ecom-offers__NVPLUTQ,LightGBM,libgomp1 (apt),none,"lr=0.05, n_estimators=1000, num_leaves=31, early_stopping",7
TabReD,ecom-offers,ecom-offers__R65jRuR,LightGBM,libgomp1 (apt),none,"lr=0.05, n_estimators=1000, num_leaves=31, early_stopping",7
TabReD,ecom-offers,ecom-offers__oi6qKbQ,LightGBM,libgomp1 (apt),none,"lr=0.05, n_estimators=1000, num_leaves=31, early_stopping",7
TabReD,homecredit-default,homecredit-default__4u3kqDn,LightGBM,libgomp1 (apt),none,"lr=0.05, n_estimators=1000, num_leaves=31, early_stopping",9
TabReD,homecredit-default,homecredit-default__825HQDF,LightGBM,libgomp1 (apt),none,"lr=0.05, n_estimators=1000, num_leaves=31, early_stopping",11
TabReD,homecredit-default,homecredit-default__nDtY5Aa,LightGBM,libgomp1 (apt),none,"lr=0.05, n_estimators=1000, num_leaves=31, early_stopping",13
TabReD,homesite-insurance,homesite-insurance__3AH32jg,XGBoost,—,none,"lr=0.05, n_estimators=1000, early_stopping",5
TabReD,homesite-insurance,homesite-insurance__FQ9t9Bw,LightGBM,libgomp1 (apt),none,"lr=0.05, n_estimators=1000, num_leaves=31, early_stopping",12
TabReD,homesite-insurance,homesite-insurance__TAZ88rw,LightGBM,libgomp1 (apt),none,"lr=0.05, n_estimators=1000, num_leaves=31, early_stopping",14
TabReD,maps-routing,maps-routing__RXRXxkE,LightGBM,libgomp1 (apt),none,"lr=0.05, n_estimators=1000, num_leaves=31, early_stopping",13
TabReD,maps-routing,maps-routing__d8DHthy,LightGBM,libgomp1 (apt),none,"lr=0.05, n_estimators=1000, early_stopping",12
TabReD,maps-routing,maps-routing__kUDWbWk,LightGBM,libgomp1 (apt),none,"lr=0.05, n_estimators=1000, num_leaves=31, early_stopping",12
TabReD,sberbank-housing,sberbank-housing__5Dx7S5T,LightGBM,libgomp1 (apt),none,"lr=0.05, n_estimators=1000",9
TabReD,sberbank-housing,sberbank-housing__NYC3QEv,LightGBM,libgomp1 (apt),none,"lr=0.05, n_estimators=1000, early_stopping",5
TabReD,sberbank-housing,sberbank-housing__x28HWSX,LightGBM,libgomp1 (apt),none,"lr=0.05, n_estimators=1000, num_leaves=31, early_stopping",7
TabReD,weather,weather__6Gs9Lqx,LightGBM,libgomp1 (apt),none,"n_estimators=1000, early_stopping",8
TabReD,weather,weather__PhPfoTs,LightGBM,libgomp1 (apt),none,"lr=0.05, n_estimators=1000, num_leaves=31, early_stopping",7
TabReD,weather,weather__hWi4hmU,LightGBM,libgomp1 (apt),none,"lr=0.05, n_estimators=1000, num_leaves=31, early_stopping",8
