Index,GrainYield
11,162.0852
16,159.02417
434,94.76887
435,94.0846
436,100.80196
437,99.42599
438,102.80857
439,93.27696
440,93.24974
441,108.8154
442,93.37761
443,108.812164
444,109.25357
445,104.58728
446,114.447495
447,110.366135
448,109.08931
449,111.11979
450,115.732086
451,129.69196
452,133.30356
453,116.392715
454,135.26152
455,137.19717
456,140.6644
457,136.16315
458,133.54134
459,146.14104
460,146.53096
461,143.23589
462,131.5603
463,141.28157
464,142.91087
465,143.10704
466,140.40552
505,146.93597
506,148.3842
507,143.59695
508,141.79431
541,147.4839
641,155.02356
642,159.42958
643,138.75949
644,127.290985
645,144.87793
646,142.62997
647,131.21889
648,147.50229
649,133.2705
650,133.74554
652,140.00868
653,142.54515
654,136.8804
656,134.17651
657,132.77486
658,143.79881
659,136.2243
660,140.51694
661,138.28763
663,144.6442
664,132.40671
665,146.44029
666,135.83626
667,146.22792
668,148.45186
670,139.39264
671,140.88617
672,139.48427
799,161.08937
800,160.115
806,163.03194
807,155.31284
809,151.76025
811,160.17664
813,154.67688
816,161.47101
820,170.49142
821,163.0405
824,160.87387
825,171.44516
828,157.77167
888,153.57846
892,145.7688
895,151.58035
1018,87.316185
1019,90.128105
1030,152.89978
1031,151.49728
1036,144.4693
1047,151.71597
1061,158.47949
1126,161.45898
1165,160.73212
1166,157.9329
1167,162.40257
1168,154.23601
1179,108.18358
1197,160.37534
1320,95.94223
1321,132.2773
1350,146.01329
1419,143.81763
1420,151.12228
1466,148.59184
1468,152.66545
1469,145.53772
1482,120.90959
1483,107.130005
1484,142.31711
1485,131.4925
1502,142.31865
1505,147.5689
1506,142.38232
1509,152.55113
1510,148.49335
1650,93.08623
1651,94.05455
1678,152.1552
1743,132.1237
1744,148.9886
1795,146.97331
1796,159.93532
1801,165.76457
1813,123.56709
1833,158.11758
1834,156.1704
1838,142.17027
1839,155.62503
1841,145.96451
1973,116.90114
1974,127.13047
1977,129.92815
1978,130.64651
2063,164.52321
2064,170.4171
2065,134.58713
2078,93.999
2091,145.73236
2094,122.739944
2095,138.99646
2098,153.90314
2344,151.89046
2369,157.839
2370,154.31055
2373,150.98267
2374,148.38492
2376,148.96814
2500,100.99402
2501,116.143654
2526,146.85226
2527,152.60419
2593,155.02917
2594,162.38971
2648,159.1186
2649,135.80342
2662,123.28976
2663,103.88782
2681,154.86142
2800,122.587456
2801,139.30544
2813,132.4488
2815,155.2694
2816,154.81653
2819,145.78677
2820,148.45493
2835,154.8978
2836,151.07422
2852,157.71872
2921,160.48325
2977,161.00934
2991,128.99692
2992,154.60715
2993,145.54834
3008,124.57242
3013,128.5244
3183,139.84756
3208,124.796555
3216,127.72119
3217,138.03958
3220,87.20731
3223,139.15605
3334,74.92744
3335,74.5011
3346,128.93924
3347,143.03079
3350,132.32661
3351,128.33228
3357,143.59737
3366,125.83419
3381,141.40227
3455,148.60513
3486,139.07994
3488,133.47464
3489,136.09283
3495,147.03683
3623,134.7516
3624,146.06511
3634,152.9915
3635,157.40755
3639,140.4975
3640,138.48593
3645,153.85477
3654,152.39204
3655,144.93025
3668,160.34961
3669,158.38849
3739,142.85873
3740,156.5621
3789,144.3349
3790,140.48788
3791,152.15047
3800,116.9307
3802,153.66096
3976,91.43502
3977,103.18173
3982,158.08572
3983,126.790596
4064,156.62871
4111,150.23819
4112,149.81891
4124,146.22333
4139,146.4457
4140,156.67456
4259,88.32141
4260,96.6848
4269,153.1664
4273,132.92786
4282,136.1075
4358,156.10117
4359,155.50713
4412,153.55557
4417,141.00032
4430,106.0725
4432,144.62161
4444,157.59
4445,157.16507
4644,157.67845
4697,164.87646
4698,172.1684
4703,164.07596
4704,163.60205
4717,119.85852
4719,153.61508
4720,155.03624
4731,154.92674
4732,148.76273
4735,145.14027
4736,143.12476
4740,94.79476
4864,118.81497
4865,137.16058
5030,154.1492
5034,140.43765
5049,147.6564
5050,132.90286
5062,157.64053
5070,127.204666
5186,99.23594
5187,113.37662
5188,121.08891
5189,122.536446
5206,157.26732
5214,137.55052
5215,135.04634
5216,131.97914
5217,140.13152
5227,145.51727
5248,138.40994
5249,144.19049
5250,146.59125
5251,147.59323
5253,149.56801
5254,155.74292
5255,166.1756
5284,152.12961
5401,158.82156
5452,149.19684
5456,154.77045
5457,139.7957
5468,111.50303
5470,152.51315
5471,141.49904
5524,159.77666
5563,160.59845
5594,155.26105
5716,97.05091
5717,117.06134
5722,157.74004
5726,135.77443
5727,157.15855
5793,150.43813
5812,150.34663
5822,118.85454
5854,152.58755
5932,149.7072
6062,144.13293
6067,145.18596
6071,149.93568
6176,117.73706
6177,136.43599
6191,137.41602
6193,132.1147
6197,134.01007
6211,143.06607
6212,148.00087
6226,146.21732
6290,163.96268
6381,153.79443
6443,154.47733
6647,158.43549
6821,159.34303
6935,159.99937
6978,149.47406
7007,153.00223
7091,155.90439
7256,153.56564
7260,159.05264
7262,157.02939
7378,109.58125
7379,129.89551
7393,150.46371
7413,154.40306
7414,161.29596
7483,155.8924
7484,133.71103
7534,161.36856
7540,155.94061
7552,122.93661
7553,122.12723
7555,156.59924
7890,162.14786
8061,156.54337
8253,159.97742
8285,156.30664
8316,167.06065
8704,155.19138
9004,158.69499
9103,159.67572
9175,161.42328
9209,157.78658
9220,160.33856
9541,136.76479
9701,155.03038
9735,161.99785
9816,158.97092
9939,151.96819
9965,166.51424
10200,151.57533
10272,143.3285
10273,156.26929
10349,143.24524
10350,141.54161
10353,140.77077
10363,146.18912
10364,149.39262
10365,145.68683
10367,158.28563
10430,156.00409
10431,146.97813
10477,148.07611
10480,147.29208
10482,155.93112
10548,137.56532
10651,146.78442
10655,166.50792
10702,153.86069
10754,154.79617
10756,151.18088
10825,156.82779
10829,150.06242
10878,150.01285
10879,160.01265
10926,155.80296
10927,146.25464
10929,147.58145
10931,153.88991
10979,149.68158
10981,159.10646
11083,145.67998
11084,148.8743
11085,158.86877
11139,146.17093
11188,155.4943
11346,137.24997
11349,91.94306
11350,156.70901
11405,154.15761
11406,147.3079
11508,144.6034
11558,141.71106
11563,165.19249
11611,150.59457
11613,148.36642
11667,142.08458
11669,155.86534
11670,153.49992
11744,129.86105
11748,146.12053
11818,148.60355
11823,146.86816
11869,144.25966
11872,132.04411
11991,135.2426
11994,152.11035
12040,156.86435
12043,150.33696
12096,148.35268
12268,136.06201
12317,144.21541
12398,153.1837
12491,136.96156
12493,140.26251
12494,154.84485
12544,151.71567
12545,116.45395
12598,142.80165
12698,148.36589
12771,146.48622
12826,146.84857
12948,151.31987
12950,149.70096
12951,149.69313
12953,154.67926
13092,125.46731
13093,145.64714
13102,157.4849
13104,138.67316
13105,132.14302
13108,150.52725
13114,149.45386
13124,148.34387
13139,152.84485
13202,154.34743
13245,152.32867
13246,147.00815
13299,146.45815
13346,143.78162
13477,156.4914
13480,144.19995
13531,141.45659
13585,144.99146
13586,151.80804
13635,151.53389
13636,159.6242
13688,145.92274
13689,152.18918
13740,157.31601
13787,146.45253
13789,135.26149
13842,151.56831
13843,146.29794
13846,151.20514
13847,147.39073
13976,132.21086
13979,145.29865
14089,142.69577
14092,97.475525
14144,149.23001
14197,143.13196
14248,141.85225
14322,139.14142
14325,143.50839
14376,153.15106
14440,152.07964
14441,149.18237
14490,151.02193
14493,149.75214
14494,148.05203
14495,163.12476
14568,143.60577
14570,107.18163
14571,148.9266
14572,151.48036
14619,143.63167
14671,154.42767
14674,153.69595
14675,155.09435
14722,144.05167
14725,148.83127
14726,153.8892
14771,139.60464
14775,156.35149
14840,153.00185
14842,157.93488
14891,151.21544
14940,150.67766
14943,145.87582
14988,151.32584
15060,152.44969
15064,146.73743
15065,159.68845
15114,148.00038
15117,148.7048
15226,136.198
15229,140.52347
15230,155.02286
15341,148.00961
15343,155.57883
15390,149.53415
15477,158.22282
15529,144.68916
15531,145.2775
15532,148.77362
15603,154.5577
15653,148.14153
15656,150.176
15658,145.6428
15726,150.62201
15773,147.27328
15776,145.36665
15845,159.52151
15848,141.74188
15898,148.4643
16012,155.27394
16015,148.40486
16016,138.98672
16094,153.19817
16314,144.37877
16316,151.12549
16317,150.73451
16386,134.1146
16389,141.68903
16390,148.4239
16436,142.03491
16483,143.19737
16554,156.63506
16557,147.5868
16713,137.75201
16797,150.42221
16799,149.17433
16801,154.12619
16893,148.19965
16944,156.68045
16945,157.57602
16993,156.12778
17085,151.53586
17138,143.73096
17209,156.18971
17259,129.9666
17262,142.17146
17311,148.54799
17313,129.46664
17384,155.87225
17453,133.9972
17455,152.2012
17456,151.75903
17506,150.6034
17612,125.5034
17615,145.92462
17875,159.50136
17880,156.39615
18007,138.83557
18008,139.21812
18011,153.04604
18014,152.52487
18038,137.90396
18040,161.09613
18085,138.96884
18087,149.91307
18088,141.99818
18130,142.3262
18133,151.46275
18135,157.13542
18232,145.72124
18234,155.82603
18303,150.20209
18306,148.48424
18307,112.366066
18451,152.13727
18455,151.20024
18500,153.01387
18503,151.82352
18571,140.64938
18572,159.07687
18616,132.10312
18618,150.46927
18619,143.93445
18664,128.69202
18757,142.8355
18895,153.17151
18898,145.91174
19036,142.59778
19041,155.64847
19159,155.3713
19288,149.93964
19292,156.9622
19405,151.51294
19407,149.34766
19410,152.16895
19478,153.41083
19580,151.62802
19632,148.03137
19677,142.72519
19680,146.1758
19681,152.42363
19750,145.72403
19803,152.40076
19804,150.21097
19848,145.95828
19919,151.28218
19920,156.60345
19921,135.86319
19988,157.032
19993,154.62155
20087,155.93277
20235,146.11665
20238,155.27661
20403,143.09421
20452,139.30217
20506,145.62991
20554,141.63605
20602,144.83038
20648,146.2593
20705,160.09888
20752,140.59235
20804,150.59557
20807,151.6422
20906,136.78342
20909,93.11753
20910,159.49916
20957,148.75072
21010,145.06061
21011,157.46968
21058,149.09283
21106,140.62701
21162,147.78745
21165,152.85046
21233,149.53262
21282,127.73642
21337,151.3313
21339,151.25385
21406,154.59758
21458,155.86386
21502,140.70737
21506,147.66782
21508,137.41263
21555,154.12764
21701,154.41315
21704,152.56024
21750,144.35818
21753,151.7183
21800,146.72232
22024,129.21278
22076,97.00944
22078,159.69264
22127,147.86945
22180,156.47333
22230,143.8868
22302,149.72145
22408,145.84816
22411,127.478096
22462,156.23798
22463,156.93091
22464,158.70724
22585,153.15462
22588,154.23631
22653,154.818
22655,151.9761
22656,154.95874
22708,145.62659
22753,138.66045
22806,148.99217
22808,153.36606
22811,146.62344
22856,137.74683
22860,148.43036
22908,155.6831
22911,144.46422
22960,146.08566
23014,153.70348
23064,150.81436
23113,151.58578
23163,143.78123
23164,151.6297
23212,139.5688
23301,147.69418
23353,153.61937
23399,139.86581
23451,144.77338
23553,155.32843
23599,145.71313
23600,153.73326
23604,147.12012
23605,159.65564
23652,149.8251
23700,145.81056
23704,167.21866
23755,154.69125
23818,134.99983
23822,144.69742
23873,147.01424
23923,139.35208
23978,143.83504
23981,152.30154
24077,132.39537
24236,140.51414
24241,156.69327
24310,161.5103
24399,157.50356
24454,151.09435
24505,160.16084
24549,130.8961
24598,140.25847
24601,135.3072
24673,150.28223
24719,139.94278
24766,149.09145
24769,149.55869
24816,155.30336
24870,151.9847
24871,150.27164
24916,157.6381
24919,147.21062
24962,154.27946
24964,164.03275
25008,137.3539
25059,149.04697
25063,159.63286
25113,141.56369
25290,142.5391
25334,151.5652
25402,149.5025
25497,150.97195
25500,147.4623
25545,142.1506
25549,152.4621
25671,149.86017
25734,156.59853
25737,151.7945
25738,151.0903
25789,148.20578
25836,146.16441
25838,145.2084
25839,149.41962
25840,157.14798
25885,142.69365
25888,141.91925
25932,137.57144
25936,151.62791
25980,159.89575
26010,142.69383
26012,149.61292
26055,147.03638
26059,158.55222
26105,140.88066
26203,161.60225
26253,141.8574
26420,141.96393
26424,156.45238
26519,156.5589
26538,121.10502
26578,153.89328
26642,153.43425
26773,160.64653
26848,153.96548
26947,155.42958
27108,153.93088
27129,155.94559
27319,155.77127
27489,148.26416
27516,131.742
27617,157.12389
27659,155.7253
27679,158.4549
27844,156.36026
27866,165.71558
27908,156.5532
27932,155.90688
27979,162.14244
28172,156.32382
28213,157.26617
28360,156.05557
28491,160.64355
28542,168.20659
28604,153.12904
28951,138.56128
29065,159.48856
29254,162.1495
30001,154.18439
30134,158.21432
30166,157.92526
30368,155.57158
30430,161.70062
30545,144.81657
30807,163.24907
30956,153.20158
31122,160.78589
31145,155.951
31207,153.95773
31696,147.47885
31738,148.42468
31783,139.05272
31835,152.44939
31895,136.05371
31944,135.27832
31998,147.94907
32000,151.72836
32049,156.57417
32050,146.543
32055,159.57309
32104,145.64842
32156,125.32062
32158,148.15588
32246,139.36052
32335,157.16388
32382,153.84204
32384,147.97743
32386,152.69568
32455,151.04869
32456,150.94803
32457,140.34189
32506,140.50357
32578,158.33539
32626,138.19846
32676,143.68042
32678,138.68016
32679,147.742
32727,153.07303
32771,138.31439
32860,143.10268
32863,149.02695
32910,155.27328
32914,167.56493
32958,151.16411
32959,147.58698
32962,158.08885
33008,158.2272
33061,132.43414
33062,131.64633
33107,158.34618
33125,162.34227
33209,159.77165
33310,127.14482
33313,148.77225
33362,143.73587
33365,151.49854
33366,147.41258
33367,145.76721
33411,150.22128
33415,165.68213
33505,159.47194
33530,137.4132
33533,148.00433
33581,148.0755
33675,145.70195
33777,148.98508
33780,145.82257
33832,157.89832
33919,151.80698
33965,144.65709
33966,142.26215
33970,148.8695
34020,139.84323
34022,137.29309
34023,143.65462
34074,139.97496
34127,94.02737
34129,151.89925
34179,149.96635
34276,137.53603
34278,126.63196
34279,143.43703
34281,158.01752
34329,158.27231
34381,142.74435
34430,130.25107
34473,134.92633
34476,139.05316
34620,140.80292
34622,141.0318
34623,139.83266
34704,145.32814
34706,145.13513
34709,141.30951
34753,135.8495
34757,148.8942
34856,135.74019
34958,153.70158
35008,143.15254
35009,133.3547
35114,146.31828
35117,127.83247
35169,145.1755
35234,150.14285
35238,156.74706
35312,148.10709
35313,150.10957
35393,149.7382
35437,134.0734
35439,150.68785
35440,146.45078
35525,154.04684
35529,147.38663
35575,157.2966
35742,146.29155
35790,153.02243
35794,163.59303
35930,158.9405
35935,161.30397
36005,150.0083
36113,147.17563
36114,155.49838
36115,157.72255
36200,147.17607
36202,151.72514
36299,152.81717
36300,157.72363
36345,144.29617
36347,147.26347
36394,145.93318
36396,147.49268
36446,137.15672
36449,139.14316
36450,142.63113
36499,136.2859
36553,159.16234
36640,146.35757
36687,147.10185
36731,144.18854
36735,136.03194
36776,140.80577
36779,125.3533
36781,163.12048
36827,141.59396
36931,140.2617
36934,150.80766
36935,152.49924
36979,146.03525
36982,138.33298
36983,153.27559
37031,146.14305
37033,153.31302
37034,154.9949
37036,150.076
37081,157.97398
37130,153.88387
37233,156.5971
37350,141.45462
37435,154.37244
37439,148.34404
37485,157.7266
37489,147.71753
37490,158.48425
37537,152.3858
37585,148.34238
37586,152.37375
37632,138.67987
37688,157.1113
37735,149.14804
37738,143.94417
37790,155.90656
37834,143.31241
37837,133.82462
37889,159.5757
37936,142.67586
37938,143.93452
37985,154.9315
37987,151.38466
38039,149.48193
38229,137.27776
38232,102.695015
38281,134.80966
38284,151.01692
38327,130.1862
38330,137.68304
38376,146.68295
38431,156.4118
38525,131.27046
38574,150.01593
38576,93.99691
38730,136.24634
38734,158.73454
38800,134.59042
38804,153.82623
38870,144.77754
38874,147.82492
38919,154.94989
38922,147.79424
38967,144.3088
38970,152.76958
39059,142.95555
39060,137.27133
39113,145.39438
39179,154.62733
39182,149.56642
39276,154.98915
39377,150.3183
39380,151.12573
39382,160.23987
39425,152.05026
39429,148.51825
39430,155.72989
39494,150.55675
39497,145.85664
39638,155.34998
39690,143.84167
39743,154.64339
39805,142.5274
39853,157.57503
39855,148.26886
39900,142.30151
39903,153.64946
39952,134.5345
39955,156.97581
40028,158.1845
40073,136.72937
40074,161.06866
40118,154.2819
40169,147.86629
40217,135.93762
40220,132.91566
40312,142.66782
40316,159.69083
40317,153.96138
40396,125.27417
40397,158.82544
40443,149.31818
40444,148.7435
40494,152.9393
40560,150.92133
40795,134.49252
40798,149.07233
40866,147.22235
40913,140.92578
40917,126.778915
40982,144.06961
40986,148.87334
41053,143.0402
41057,150.74286
41213,157.9683
41331,158.83315
41353,139.7222
41567,151.4704
41568,162.79863
41595,157.17491
41767,160.28317
41800,154.40257
41801,157.489
41824,149.86469
41901,140.35847
41928,165.0267
42008,125.1591
42009,119.61719
42014,129.58757
42015,137.00993
42075,161.73004
42076,162.29616
42110,163.54277
42135,83.55896
42136,87.06203
42145,144.53442
42146,148.38737
42147,129.63219
42151,139.27261
42152,136.97356
42157,144.95956
42167,135.40854
42182,143.86867
42319,159.15404
42452,161.0334
42497,148.27072
42671,153.36584
42698,164.34488
42726,159.18364
42795,148.5188
42812,154.24295
42840,142.19327
42922,161.35463
42949,160.45302
43036,166.34123
43058,163.34505
43174,159.70218
43175,154.09473
43358,160.42334
43467,160.10612
43468,149.14175
43510,153.81935
43533,164.29025
43550,159.01933
43585,148.59572
43729,157.30652
43744,159.591
44041,150.40851
44095,156.57741
44125,155.82426
44171,160.90222
44172,150.72156
44889,123.19498
44890,145.82587
44891,135.85858
44892,133.82716
44905,149.1583
44906,151.56303
44916,140.81558
44917,147.95065
44940,151.02878
44943,152.38475
45042,148.64368
45079,141.47173
45080,144.35312
45089,163.26266
45090,160.67197
45091,133.32143
45095,145.15904
45096,136.50922
45124,154.29948
45385,166.3995
45386,152.18362
45387,143.92194
45397,148.7591
45410,162.64108
45411,160.19444
45412,133.4584
45413,139.72835
45422,154.49121
45423,154.19952
45455,146.82832
45498,158.4743
45538,164.97348
45539,157.79074
45540,151.13821
45585,159.62839
45586,161.27635
45587,153.49464
45629,144.92111
45631,143.13098
45664,146.36647
45686,150.85324
45687,160.07677
45698,154.46286
45728,153.71376
45729,148.44398
45730,131.27414
45731,157.99214
45740,155.89459
45750,122.04354
45751,133.45209
45771,148.87347
45773,139.00432
45774,126.88417
45777,135.25949
45778,151.01273
45791,145.03221
45793,149.60953
45810,145.27127
45812,150.21408
45813,146.89523
45814,149.554
45815,151.05911
45832,150.08206
45833,159.38492
45839,152.30952
45966,146.33376
45967,153.12949
46014,159.204
46015,156.61282
46054,152.52826
46056,100.34173
46057,113.04908
46066,148.58118
46122,137.08147
46123,125.184875
46138,153.35114
46139,156.80855
46148,155.6087
46149,154.36165
46180,151.62859
46181,161.44582
46183,153.9884
46224,155.02525
46226,129.9234
46236,110.70131
46267,151.96075
46269,127.19952
46270,149.65353
46279,153.78886
46310,141.21951
46311,144.36145
46312,138.13005
46321,152.76498
46322,144.53732
46357,149.6388
46358,157.66212
46359,142.46892
46360,149.75027
46369,141.02425
46405,160.36769
46448,153.58447
46449,144.95502
46450,141.81921
46451,157.39902
46482,146.83128
46500,148.34485
46501,147.44333
46551,146.69237
46552,151.69292
46600,157.82541
46601,151.40376
46603,148.31439
46612,156.82353
46643,138.54732
46644,148.72838
46645,131.18634
46684,146.85382
46685,165.6572
46686,146.79265
46694,152.39185
46725,163.76265
46727,148.14671
46728,160.50082
46765,67.87661
46766,97.434044
46781,127.37918
46782,136.82138
46783,144.88506
46784,151.26736
46787,128.22765
46789,122.79782
46790,124.02367
46799,141.29572
46826,123.19235
46905,136.97923
46948,160.65616
46950,140.29234
46951,143.08966
47033,141.31912
47034,156.4838
47035,114.66405
47045,151.59444
47079,147.51082
47089,158.66019
47123,144.8288
47124,154.33763
47133,159.95427
47168,143.57086
47177,139.43018
47206,139.23788
47224,158.47539
47227,147.26123
47236,154.6014
47272,114.381744
47285,145.70825
47320,147.6254
47322,129.52887
47368,150.48221
47369,145.2559
47370,118.74195
47371,123.662125
47380,146.08014
47381,145.55127
47412,137.05336
47413,164.80573
47415,149.99477
47504,158.14832
47505,159.51956
47506,146.4919
47516,150.0323
47548,155.73566
47549,154.34499
47550,130.75926
47551,151.57408
47560,150.35283
47561,141.09702
47592,152.13437
47603,146.33862
47604,152.53275
47641,146.3396
47642,140.38791
47684,164.41086
47685,159.18198
47733,140.87534
47734,136.00371
47736,143.83603
47737,152.69048
47746,152.01614
47754,153.69635
47822,136.22464
47823,148.69
47833,145.3398
47847,164.54698
47850,160.90402
47859,151.85265
47889,161.52574
47890,166.3332
47891,159.02019
47892,151.48402
47901,150.9476
47933,164.00127
47934,157.68173
47936,143.13414
47945,158.87549
47946,152.2194
47977,154.07492
47980,153.16066
47989,149.3719
48030,142.62517
48082,155.5979
48083,163.2465
48084,127.12781
48128,110.47775
48144,158.10788
48154,154.20926
48155,161.77118
48185,147.93806
48186,153.59166
48188,157.80167
48244,133.31381
48247,141.70576
48289,162.60667
48291,158.43745
48332,161.45569
48333,158.28917
48335,157.3672
48374,154.23387
48376,149.4831
48377,156.04604
48386,163.92133
48387,154.31897
48429,131.58783
48430,136.39088
48432,122.411896
48475,130.5148
48519,153.5109
48521,140.69032
48522,145.17404
48559,130.88579
48560,134.90187
48565,108.25664
48566,120.93838
48616,158.43587
48618,141.78197
48619,148.40495
48629,141.5051
48664,130.57242
48666,135.12053
48667,125.51127
48707,156.06433
48749,160.07275
48750,161.0385
48752,155.21518
48761,158.56137
48801,160.89177
48802,159.07033
48803,159.0266
48804,158.78403
48814,148.7249
48826,158.47293
48896,157.48773
48897,155.77644
48898,153.64415
48899,144.87671
48909,148.56242
48938,147.42929
48963,143.31013
48964,154.20499
48965,121.42903
48966,126.13763
48975,147.61469
48976,144.81575
49007,159.96124
49017,148.95917
49018,155.5969
49053,152.82057
49054,166.59613
49055,146.13257
49065,156.63359
49105,150.25125
49106,139.92447
49107,153.21094
49148,156.43517
49149,138.39584
49160,138.3113
49192,145.74072
49194,144.93042
49195,143.32358
49204,151.10997
49239,151.06113
52310,92.86938
52311,94.60493
52316,145.7638
52331,142.83403
52343,140.89664
52344,152.03273
52472,114.044624
52476,112.85984
52483,145.01398
52525,149.84656
52543,102.18321
52545,129.50903
52548,145.0665
52562,137.35794
52563,142.30063
52565,146.55484
52574,141.70602
52575,141.29768
52578,155.75356
52663,107.31955
52664,140.99146
52672,150.10252
52673,156.01662
52674,130.931
52675,146.4521
52678,144.41595
52684,145.39215
52685,145.97906
52694,148.80685
52695,141.7998
52705,149.48413
52759,131.35532
52760,121.11966
52774,137.47487
52777,147.41083
52778,151.13506
52784,152.1278
52808,163.48605
52888,127.27109
52996,132.01079
53034,147.94427
53039,161.02457
53075,143.9574
53080,143.58792
53118,135.5597
53123,140.64998
53124,151.52628
53160,140.48961
53171,151.50484
53204,141.17776
53212,161.77068
53228,82.02439
53229,91.10918
53238,151.20497
53239,151.86786
53240,143.943
53241,142.27614
53244,130.96326
53245,136.54375
53250,142.87576
53251,144.62646
53260,134.49506
53261,140.25137
53274,147.27414
53275,148.27289
53504,141.94383
53516,148.10973
53517,153.10167
53524,157.3009
53525,154.50847
53561,154.12378
53562,151.66338
53598,117.73138
53599,132.4483
53608,129.14755
53609,131.61316
53724,125.55149
53725,135.4278
53737,156.34271
53774,149.8908
53779,155.27533
53780,156.6482
53784,157.5841
53820,95.42925
53821,104.2607
53905,151.71686
53906,148.15076
53953,136.79669
53971,122.363144
53974,137.74286
53991,128.19974
54036,140.28296
54041,154.51352
54070,95.44269
54071,120.42794
54181,106.34324
54182,108.502304
54260,143.57257
54290,125.5129
54291,141.79663
54304,157.18253
54305,153.88223
54306,161.87375
54311,153.47754
54312,142.70093
54320,145.21051
54322,150.23418
54336,151.68352
54337,154.12741
54340,162.08592
54341,158.30707
54456,157.07635
54457,158.63306
54494,143.35425
54498,135.3884
54536,145.2518
54543,154.57594
54548,158.18301
54549,156.9653
54582,140.67024
54583,141.08304
54589,154.26468
54615,140.07033
54620,123.1589
54621,139.64014
54673,95.70225
54674,112.06977
54689,130.60725
54690,144.68808
54693,126.21543
54709,125.514404
54722,145.20001
54725,151.91924
54796,162.48007
54801,128.00766
54802,147.89226
54843,136.22949
54869,106.755196
54870,114.54708
54994,148.34544
55035,163.80003
55054,148.49826
55066,159.4115
55098,140.519
55108,128.39667
55109,148.5076
55129,88.826584
55130,142.57323
55139,135.24405
55140,147.7099
55142,146.70938
55151,148.62234
55161,157.59842
55162,155.10973
55268,167.0169
55270,154.0934
55284,117.923096
55287,144.1662
55301,151.75027
55331,76.4557
55332,107.95735
55345,151.32684
55346,148.30322
55351,138.62317
55352,125.71327
55368,136.75041
55443,126.322556
55444,154.22986
55478,150.11461
55483,151.4057
55489,155.41956
55552,160.95361
55558,163.09848
55575,81.56609
55576,100.99327
55590,138.57169
55592,120.4707
55595,113.56084
55596,140.16243
55611,145.1443
55626,143.3115
55674,158.29907
55712,149.94295
55713,157.707
55718,155.50134
55738,124.61882
55739,145.67366
55760,155.58185
55761,153.9589
55766,145.46976
55768,150.57787
55783,145.10213
55785,157.15694
55804,162.05312
55806,153.71178
55807,160.42056
55927,136.3795
55928,138.59258
55932,130.63698
55933,127.152054
55956,152.86037
55957,153.42331
56009,149.00758
56010,144.90266
56028,87.35989
56029,87.89611
56030,153.88168
56038,124.638954
56039,121.588806
56052,151.85445
56053,144.89494
56054,153.1099
56055,162.94025
56058,139.14304
56059,158.24274
56064,146.0695
56065,149.67245
56074,149.19052
56089,152.44237
56098,106.15434
56099,130.702
56108,155.91924
56109,164.24057
56110,157.68361
56111,154.9096
56114,127.66037
56115,139.65639
56121,145.4598
56145,151.33995
56173,150.92711
56184,157.59738
56185,161.87486
56201,112.75255
56202,134.53073
56215,150.24881
56218,136.02017
56221,139.99007
56227,144.07158
56228,146.79068
56237,134.1004
56238,152.41846
56252,143.3665
56346,144.51337
56353,148.37057
56380,143.5627
56381,143.94421
56484,148.20035
56491,147.26608
56497,157.93748
56521,148.96338
56522,148.96338
56564,98.47585
56565,122.75275
56591,148.0866
56592,148.35834
56654,143.76236
56655,153.19032
56678,94.8288
56679,101.39996
56682,104.35263
56689,128.51984
56715,80.15049
56716,85.33846
56743,83.341446
56744,141.47949
56748,141.56737
56753,143.22537
56793,89.829994
56794,89.75205
56805,125.609665
56806,132.87996
56811,136.50827
56824,141.82318
56826,153.28499
56827,157.25565
56840,157.55411
56841,157.5512
56886,94.16549
56887,140.17114
56923,79.97365
56924,85.9857
56934,143.60893
56935,153.70686
56944,157.39958
56945,158.27094
57018,96.09653
57019,127.79824
57025,134.6522
57026,134.6522
57031,148.93124
57032,158.24327
57038,86.758865
57039,89.41632
57064,154.59811
57104,81.683205
57105,77.091484
57114,130.20856
57140,84.90094
57141,130.41132
57150,148.25526
57151,144.73047
57177,75.4057
57178,131.40082
57182,140.30621
57188,132.51767
57214,89.18208
57215,75.01268
57251,80.72692
57252,132.14954
57255,134.91368
57325,83.778625
57326,105.676155
57329,145.03862
57336,152.73528
57345,79.16954
57346,97.73898
57357,130.25227
57358,126.82188
57363,140.40953
57365,141.31404
57377,140.99316
57379,145.11609
57380,161.39903
57393,147.74455
57440,88.07224
57441,132.919
57444,148.54373
57445,151.32553
57498,86.69645
57499,110.71312
57502,141.56993
57508,142.273
57613,92.82905
57614,119.95604
57617,142.05594
57618,143.36029
57623,138.3253
57624,147.41391
57650,89.14335
57651,138.32867
57665,156.16644
57714,92.610985
57715,109.15529
57718,139.85611
57724,138.39026
57734,96.819664
57735,133.6233
57738,145.10765
57744,150.22574
57770,104.17078
57771,112.72536
57776,126.869446
57783,148.41196
57788,151.10606
57790,100.37222
57791,107.052925
57794,141.1999
57801,142.19774
57901,102.71153
57902,141.77408
57910,138.04274
57915,107.793755
57916,128.45126
57919,127.1285
57925,131.56644
57926,145.21599
57951,95.002686
57952,107.773636
57965,127.899216
57966,134.83089
57970,124.643845
57972,125.555756
57977,144.47403
57980,153.21648
57991,125.83816
57993,131.05133
57994,128.15909
57996,151.05444
58011,141.29518
58112,99.41664
58113,130.69817
58129,146.38792
58131,149.16302
58141,149.25763
58143,150.37251
58144,156.19286
58145,162.35715
58159,162.11993
58215,148.4384
58249,92.041275
58250,120.44675
58264,137.91563
58276,84.08103
58277,127.43706
58280,138.17627
58287,145.8295
58312,100.656105
58313,122.498314
58323,146.40692
58349,97.02968
58350,98.45413
58355,159.31358
58360,131.6953
58369,147.87384
58451,141.75922
58486,98.64833
58487,144.67508
58503,151.16782
58505,156.71027
58516,155.10356
58517,158.43228
58518,161.2468
58519,158.76115
58520,132.85211
58521,139.31401
58534,162.84137
58535,164.89606
58581,100.24449
58582,114.60396
58583,137.63695
58588,141.44742
58589,142.91698
58598,150.34346
58600,153.87683
58626,101.63113
58627,136.86781
58636,149.61032
58663,96.96461
58664,154.2165
58668,146.082
58699,93.714966
58700,130.6764
58703,142.07849
58704,148.33093
58710,141.79291
58737,99.82345
58738,138.95856
58742,148.01115
58747,150.7736
58748,153.2638
58757,97.91507
58758,120.53126
58762,141.98228
58767,153.3495
58793,99.78434
58794,120.81327
58797,132.75693
58803,127.17087
58830,94.1289
58831,145.28236
58835,141.99709
58840,138.88899
58841,144.5906
58867,88.00555
58868,127.70041
58872,128.22072
58877,123.9222
58878,134.08943
58904,100.64701
58905,129.43451
58908,139.67184
58975,112.38768
58976,139.19257
58979,142.34514
58980,143.17053
58985,141.37044
59012,107.6477
59013,123.07199
59024,135.60916
59025,141.5884
59031,149.96237
59032,149.96237
59033,150.49318
59042,151.82867
59044,147.21686
59046,151.03079
59047,141.11456
59060,150.92938
59108,119.59146
59109,111.7451
59121,145.68385
59127,146.2429
59129,152.73595
59138,150.23442
59142,134.73605
59156,163.47177
59205,131.45789
59206,150.58928
59209,140.68932
59216,155.14548
59299,114.91601
59300,139.66393
59303,144.99156
59304,151.06367
59335,116.10162
59336,117.32689
59339,137.61307
59340,140.97313
59345,137.71567
59346,145.71626
59488,117.49169
59489,118.792274
59500,118.49353
59507,148.67993
59509,152.86078
59518,146.14005
59522,158.35931
59523,161.27563
59622,123.90347
59623,121.21423
59638,142.66771
59639,146.71281
59690,143.22379
59691,156.50179
59726,114.722946
59727,129.38072
59738,153.86584
59739,154.2982
59744,154.79195
59763,123.010666
59791,116.336876
59792,118.268364
59803,123.24725
59822,129.57253
59823,136.02249
59824,146.88492
59825,152.12062
59886,124.01975
59887,141.8916
59890,146.46146
59891,153.97069
59923,135.1816
59924,112.568115
59927,137.86182
59960,112.371765
59961,127.05435
59996,134.44202
59997,140.10896
60007,144.33124
60032,138.78423
60033,140.3901
60036,145.82368
60042,151.1263
60043,153.6448
60069,122.01649
60070,117.51208
60074,139.51877
60079,150.09146
60080,144.22957
60106,128.56537
60107,145.51537
60110,141.08818
60111,146.85963
60153,120.00423
60154,109.800934
60163,139.25113
60190,120.51236
60191,127.21145
60194,142.24756
60200,138.1712
60201,146.70885
60228,111.34366
60229,124.38393
60265,133.76358
60266,144.40627
60269,141.43298
60276,147.94022
60339,129.92944
60340,123.4217
60351,149.55418
60352,150.12216
60369,160.22453
60370,162.48268
60379,157.86188
60381,156.80411
60463,131.25546
60464,140.95041
60468,143.54684
60500,123.08442
60501,138.93962
60504,142.68214
60510,145.50726
60511,132.0684
60557,136.4426
60558,131.87805
60567,146.54535
60568,155.89539
60571,141.19348
60572,135.20363
60573,146.85823
60581,155.49533
60655,160.41245
60656,159.43259
60691,124.79408
60692,123.773056
60696,139.06108
60702,146.30963
60728,138.22266
60729,132.05615
60733,139.7847
60738,150.7399
60764,142.74379
60765,140.83142
60778,133.74878
60779,161.47382
60782,144.42906
60784,149.28578
60812,152.54353
60813,151.0544
60814,162.36331
60815,159.22595
60832,155.80606
60834,160.392
60878,142.2435
60879,126.92667
60884,138.62167
60962,159.55428
60963,154.03603
61025,132.54881
61026,148.87045
61035,150.70409
61062,140.00453
61063,145.19827
61075,120.583145
61080,140.66214
61082,145.74747
61093,142.93732
61094,149.27338
61096,145.83215
61097,149.66408
61111,156.99527
61196,139.53125
61202,147.35474
61284,147.96822
61285,151.80794
61287,133.58708
61288,127.47025
61289,135.89452
61296,125.039505
61306,142.6058
61348,137.32187
61349,138.22882
61350,124.09745
61352,122.746925
61401,118.80079
61445,129.04391
61451,146.40828
61460,151.53363
61465,161.10657
61503,144.50732
61504,150.48703
61506,154.0712
61507,120.3642
61515,138.73428
61516,140.34059
61567,147.9917
61580,153.67001
61581,138.85568
61586,161.50009
61625,124.84661
61626,150.80804
61631,139.56857
61637,135.31723
61639,131.38763
61640,163.57777
61645,151.62788
61646,161.37157
61681,138.8903
61682,143.95345
61683,125.66138
61686,134.12126
61693,129.08002
61694,143.25183
61701,143.03952
61702,150.76724
61744,127.62724
61750,139.64713
61751,144.74033
61757,125.98321
61758,131.96957
61759,137.305
61764,143.42993
61823,145.27165
61824,138.26971
61829,147.71167
61830,150.04468
61837,157.9369
61838,157.46642
61885,149.14456
61886,146.90619
61887,138.00418
61888,148.67421
61890,131.0061
61891,136.78062
61892,133.09357
61894,130.52338
61906,108.45337
61912,139.84837
61913,142.5416
61976,149.84769
61977,142.96306
61978,125.087166
61980,138.07631
61982,145.96936
62000,157.39154
62097,142.64505
62098,147.03732
62099,115.936424
62148,121.558395
62160,123.59034
62204,139.38951
62205,129.82964
62216,144.11661
62218,140.97961
62219,155.97342
62262,125.29237
62263,141.64572
62269,144.25648
62276,140.1018
62277,132.97049
62283,159.14038
62320,143.58559
62322,133.39449
62324,139.38791
62325,135.136
62332,139.68272
62333,139.0543
62343,151.03653
62385,139.73044
62391,146.86598
62392,153.35902
62406,156.06723
62443,134.38307
62444,138.77206
62449,138.04497
62450,153.15002
62455,140.42293
62457,159.20964
62458,144.89343
62501,134.5021
62502,140.19066
62507,133.81227
62513,137.24374
62514,142.80354
62515,152.6403
62516,158.01224
62521,162.27286
62522,154.035
62556,150.28006
62557,142.57784
62558,125.1097
62559,138.36272
62576,156.92595
62620,136.70877
62621,136.36827
62626,146.71808
62627,149.40414
62633,144.59422
62634,153.26123
62635,163.23875
62680,137.2775
62686,148.9879
62691,132.30884
62692,127.19963
62693,159.8069
62694,161.96815
62700,153.14737
62738,123.96586
62739,147.25992
62752,159.67859
62753,155.16138
62758,146.20499
62793,150.79718
62795,121.386
62796,148.09564
62797,136.32411
62798,135.19804
62799,141.84746
62805,136.64465
62859,121.10726
62860,134.58371
62871,119.7424
62873,139.19156
62879,140.21355
62918,112.994965
62919,138.63013
62931,152.29898
62932,151.29933
62933,148.26938
62976,129.1653
62977,142.47812
62979,150.3024
62981,143.05362
62983,151.88579
63030,129.77585
63031,148.41089
63044,151.27057
63045,148.2992
63050,155.67844
63090,135.40375
63095,146.94965
63102,142.59134
63103,148.35577
63150,138.85046
63155,147.13947
63162,150.14717
63163,146.73004
63164,139.37445
63169,158.79874
63207,151.47192
63208,148.64687
63209,132.20682
63210,142.43811
63211,134.4481
63212,139.58838
63219,127.59139
63220,137.29266
63229,147.84721
63273,115.79269
63274,132.795
63275,142.76248
63278,138.62405
63283,142.645
63284,131.25848
63334,153.78859
63335,142.74812
63336,155.12097
63338,125.839874
63404,139.9621
63407,131.85379
63408,126.531586
63409,131.8702
63415,137.65785
63422,142.42744
63465,127.3803
63466,116.136375
63469,139.85869
63471,138.87143
63476,119.51523
63477,120.18046
63526,131.2052
63527,141.99203
63532,143.44858
63533,146.4017
63540,159.16309
63547,159.59236
63586,140.60587
63588,135.94174
63590,143.61354
63595,133.20409
63596,147.51396
63605,150.52425
63683,148.06909
63695,139.10634
63696,149.09483
63697,126.782166
63698,139.22755
63749,149.93304
63755,148.81987
63756,157.59464
63757,168.2704
63758,161.48335
63763,159.06886
63802,147.12851
63807,142.83057
63813,135.55992
63815,148.49944
63816,156.12915
63821,151.89252
63856,152.79192
63857,153.63959
63858,123.41249
63859,127.15376
63861,138.92583
63906,152.73247
63908,127.82961
63909,147.07538
63910,120.23806
63911,119.28393
63974,104.38423
63975,127.591965
63980,145.1367
63981,147.02795
63986,145.09377
63989,145.80537
64030,94.643166
64031,123.31234
64032,102.562515
64033,90.836205
64034,112.611145
64051,139.80576
64088,152.34225
64090,148.36801
64092,123.3034
64142,126.35722
64143,132.90445
64148,143.75241
64154,131.84834
64155,132.94533
64156,133.70383
64161,152.64618
64201,130.39017
64206,143.63799
64207,143.61255
64213,133.77704
64262,141.97357
64268,148.35318
64269,148.7601
64274,144.2968
64276,165.30228
64277,147.34767
64283,156.08064
64292,158.49666
64293,145.31808
64294,138.67355
64295,142.86166
64296,140.14203
64297,145.3404
64299,150.82785
64303,142.25542
64358,123.538765
64359,135.84189
64362,136.7019
64363,136.7019
64369,146.4943
64379,147.36823
64420,148.51929
64422,139.77176
64423,131.69667
64424,143.99844
64429,139.5058
64472,153.34111
64473,146.72252
64474,153.88312
64475,122.65257
64476,134.43353
64477,123.827896
64478,142.52563
64481,138.49734
64482,137.23044
64488,156.18683
64534,135.13837
64535,131.28168
64541,145.85966
64546,135.62888
64547,163.54805
64553,144.7357
64593,135.77005
64594,152.49615
64605,147.57281
64608,157.00455
64650,145.36305
64694,142.89438
64695,132.72517
64696,141.88287
64698,148.1205
64699,136.83603
64700,140.6463
64761,121.98999
64775,159.3122
64781,160.69153
64782,158.47397
64817,140.71436
64818,138.70993
64822,136.00856
64870,136.38606
64873,144.25871
64881,130.79715
64890,147.72203
64996,134.30472
65002,144.15103
65007,133.53455
65008,131.0983
65009,142.9415
65010,149.01984
65016,153.60806
65050,154.62563
65051,154.56851
65053,107.83697
65056,142.5414
65063,137.88599
65073,151.80879
65113,145.88156
65115,138.39372
65116,144.23964
65160,150.74368
65161,127.95124
65165,139.98416
65182,149.7031
65227,128.22534
65228,139.82204
65229,144.98651
65245,161.23276
65289,150.07285
65291,117.453094
65293,134.04674
65311,148.35323
65355,136.03777
65366,128.8057
65367,140.00816
65368,153.96036
65369,161.28665
65411,127.3871
65413,123.35776
65416,128.20714
65473,143.03055
65474,154.71475
65523,121.308655
65524,126.05365
65530,137.70001
65535,137.66637
65537,104.65816
65538,130.99168
65544,142.78099
65577,155.63354
65579,125.069305
65580,153.34221
65625,153.52177
65626,149.56686
65628,127.1645
65629,123.19453
65630,141.99197
65636,139.44165
65641,146.73024
65684,157.22237
65685,144.21638
65686,140.14645
65687,151.80022
65688,102.96478
65689,137.80951
65690,137.48601
65691,139.47649
65697,132.80785
65706,146.41992
65749,146.1725
65750,148.57167
65756,151.97162
65762,154.43126
65763,150.52914
65764,154.35234
65769,161.45517
65770,160.38394
65804,138.61145
65805,134.31467
65817,150.03073
65818,148.44426
65819,157.41615
65824,161.20038
65825,158.61337
65836,117.06415
65842,132.39626
65843,137.40054
65849,138.32167
65850,150.87875
65895,119.68971
65896,117.49426
65901,138.27661
65907,130.73293
65909,147.76105
65910,140.2737
65953,157.75711
65954,149.39551
65955,133.88097
65956,143.56958
65960,142.91235
65964,141.96095
66020,138.08052
66027,151.91592
66032,144.9923
66033,147.91794
66034,161.4606
66035,161.49336
66040,155.98055
66079,145.66962
66080,139.09987
66081,144.77138
66083,119.57942
66085,143.20462
66090,136.82141
66091,136.68439
66145,135.26587
66151,134.53268
66152,147.79623
66159,136.19574
66160,145.06412
66205,129.05145
66206,141.9491
66218,148.31027
66219,146.14738
66220,159.0836
66265,139.8794
66271,147.16733
66278,153.59138
66279,126.253716
66280,145.05856
66325,142.23828
66327,140.59528
66328,140.95581
66335,150.7687
66345,151.08772
66390,118.682816
66391,129.81377
66396,138.26051
66402,139.19345
66405,154.64961
66410,145.22168
66411,144.20546
66450,155.11021
66451,145.09283
66453,156.43427
66455,145.85663
66456,120.55542
66458,132.96169
66459,137.04247
66465,143.43723
66472,138.61807
66473,139.21973
66539,143.26453
66541,145.14963
66542,123.8403
66585,149.90288
66587,153.89839
66588,142.03317
66589,137.50955
66591,145.53552
66647,137.43323
66648,136.77707
66650,120.36556
66651,116.66708
66698,136.2056
66699,133.2032
66700,142.41528
66701,144.29387
66702,136.30266
66703,141.42236
66705,134.5567
66711,139.47414
66766,128.95355
66767,127.8895
66772,132.57988
66781,143.08182
66786,158.18513
66822,137.2718
66823,111.45789
66824,117.65945
66825,121.74511
66826,123.68112
66831,125.647835
66877,152.51866
66878,130.76877
66879,137.88036
66881,143.93085
66882,136.86292
66884,143.58125
66890,143.90158
66899,152.7269
66941,128.93005
66944,117.70503
66945,143.0776
66946,145.6502
66954,145.25534
66964,141.64896
67009,142.18553
67010,142.36322
67016,147.23007
67023,131.26399
67024,155.78485
67066,148.73032
67068,139.07549
67071,134.5401
67072,131.90486
67073,137.50569
67079,135.7823
67089,141.5555
67131,147.20781
67132,143.17465
67185,126.015396
67186,133.82333
67187,111.377495
67189,127.3878
67190,145.8801
67191,140.72191
67248,154.58449
67249,157.22981
67250,141.10135
67260,137.21942
67268,150.67201
67309,140.46057
67310,152.9625
67313,131.01842
67314,133.05106
67315,139.56136
67316,145.53839
67319,140.35175
67328,147.97742
67369,150.39697
67370,134.77585
67372,136.38675
67373,141.72151
67376,137.92178
67421,148.36841
67423,122.47371
67425,141.75981
67426,129.21222
67428,141.29816
67486,131.86917
67493,150.55734
67499,127.197655
67500,149.8548
67542,129.21011
67543,134.72922
67545,120.82506
67546,139.39552
67547,147.88596
67548,129.05786
67549,137.8724
67564,133.67278
67609,130.64105
67610,125.72052
67615,134.87946
67616,142.08942
67622,140.66302
67623,149.80005
67624,142.56345
67629,151.26111
67630,154.59976
67681,141.52908
67682,137.6913
67683,151.31569
67684,159.0955
67689,147.27776
67728,135.52429
67729,135.37292
67742,159.25262
67743,141.04572
67787,132.54889
67788,143.7213
67800,151.5662
67802,152.74585
67845,152.03395
67846,131.52727
67852,153.20355
67859,142.70479
67860,146.917
67865,150.01184
67899,142.80135
67900,140.49512
67904,144.04375
67905,142.14085
67906,143.4523
67958,128.16388
67964,145.82211
67965,149.01813
67970,146.18987
67972,153.24557
67973,155.6443
67978,153.68272
68017,133.40111
68030,152.23271
68031,158.98747
68032,159.20721
68061,112.21332
68066,126.18596
68072,121.63744
68074,126.91333
68080,148.49042
68115,149.72493
68117,129.91522
68118,119.940285
68163,134.47409
68164,136.03598
68170,148.40332
68175,136.925
68176,132.81694
68177,155.63773
68178,161.90207
68183,142.84259
68222,130.42738
68229,149.8819
68234,145.00157
68236,148.90997
68237,150.79816
68242,152.55258
68278,144.18068
68280,145.98875
68289,145.19911
68341,148.2443
68352,144.05775
68354,142.17125
68355,130.17552
68410,128.16269
68416,146.49335
68422,122.43704
68423,131.96828
68424,151.79224
68425,131.55356
68430,150.37631
68466,153.52379
68468,153.05101
68469,138.8067
68470,143.24844
68471,144.10413
68475,140.80463
68476,135.63101
68524,132.39111
68525,150.30627
68526,151.6244
68527,137.1052
68530,148.9072
68536,152.35107
68545,153.46964
68590,133.56625
68591,148.43375
68602,152.52313
68604,144.8489
68605,152.2091
68650,148.65079
68656,147.65994
68663,152.50757
68664,157.61176
68705,132.91904
68711,152.08914
68717,150.6294
68718,149.64374
68719,164.72879
68725,153.66986
68736,128.07794
68737,123.73874
68750,139.8883
68751,152.28749
68756,150.15051
68757,148.67827
68791,126.28403
68792,124.826996
68793,100.724
68794,103.66066
68795,127.36438
68796,133.52057
68800,122.95566
68848,151.3778
68849,149.01674
68851,148.36795
68853,138.71681
68855,148.13124
68861,147.05957
68870,150.36124
68916,147.40129
68917,164.42194
68922,152.43784
68923,155.73485
68930,164.69685
68931,163.07834
68974,137.51463
68980,144.12035
68981,149.6494
68986,149.63014
68988,140.89746
68989,159.75522
69034,150.0375
69040,149.83806
69045,152.99959
69047,150.12614
69048,140.99803
69053,160.70607
69092,136.99167
69098,137.46645
69104,129.08095
69106,162.59026
69107,162.66464
69112,147.71548
69151,139.92508
69158,143.02365
69163,154.24675
69164,151.75958
69165,152.69951
69166,162.98834
69172,152.36504
69211,132.27814
69212,137.74341
69217,142.9292
69225,144.51074
69231,148.3554
69269,131.56122
69270,134.46571
69275,143.39215
69281,144.14645
69283,152.87495
69288,157.38863
69329,137.69594
69335,138.4136
69336,146.19754
69341,143.62292
69342,147.08623
69343,141.04929
69344,130.49515
69350,158.48586
69389,156.05637
69394,149.36774
69395,152.66475
69400,143.56735
69402,160.71841
69447,135.50693
69448,164.49329
69460,153.47551
69461,159.80751
69462,157.44281
69467,167.09085
69507,134.52014
69519,146.22523
69521,139.19884
69558,140.6381
69559,149.82697
69561,130.15189
69564,137.49683
69566,117.5412
69602,148.81082
69603,142.54329
69641,115.347305
69642,120.73191
69676,142.8982
69677,144.2241
69678,148.34865
69679,134.03218
69713,148.46371
69714,146.3153
69715,131.26231
69716,138.56381
69751,152.99164
69786,150.32481
69787,154.1095
69821,143.44206
69822,141.88507
69823,118.74269
69824,147.89206
69862,132.38776
69863,138.22237
69865,147.17844
69902,141.79422
69903,140.69296
69904,135.589
69905,154.09047
69943,141.54236
69982,150.79242
69983,128.94745
69984,122.93715
69985,131.53642
70023,135.83191
70025,147.62436
70026,137.3559
70065,134.53708
70066,111.54518
70067,110.42173
70101,151.87344
70102,149.81667
70103,139.0452
70141,136.27861
70142,141.89845
70174,142.58133
70176,129.16173
70177,130.91862
70221,156.97717
70223,146.59718
70232,149.18736
70259,138.40659
70260,153.42744
70261,134.00766
70295,138.4379
70296,163.22336
70298,152.67674
70308,160.3519
70333,150.9224
70335,132.8639
70344,149.9793
70372,140.26447
70373,157.4099
70374,132.95335
70388,155.93852
70389,161.757
70396,146.91202
70424,141.20628
70425,140.38205
70426,139.70667
70427,147.74838
70463,157.26547
70464,163.13232
70465,143.63982
70466,161.32722
70502,149.65645
70504,160.80609
70514,154.12146
70524,157.97818
70525,136.64499
70526,130.62161
70527,156.96126
70545,147.14235
70546,152.325
70548,150.45985
70637,146.44525
70638,138.43161
70682,156.43642
70709,146.43126
70710,141.2107
70712,152.57555
70731,157.17046
70732,149.05655
70771,160.73344
70772,155.02925
70773,145.45757
70774,157.86432
70784,151.0708
70809,140.73402
70811,162.8823
70812,126.79413
70851,150.19867
70852,133.3259
70853,150.15273
70863,143.79343
70876,158.92372
70877,166.30511
70878,141.03119
70917,148.91267
70918,150.38342
70921,159.12411
70922,155.08417
70925,163.10344
70953,148.804
70957,161.62598
70982,148.67194
70985,135.13078
70986,137.58157
70989,155.02599
71001,143.79771
71002,134.09383
71028,147.72058
71029,150.99356
71032,135.77185
71033,125.96529
71064,141.36256
71065,129.8142
71068,160.52864
71090,145.71782
71091,152.21086
71094,163.43588
71095,129.12839
71098,156.169
71099,154.11899
71126,146.80338
71129,126.3164
71130,137.02309
71133,150.93723
71156,146.20853
71160,157.42049
71184,149.60056
71188,163.2013
71189,160.05347
71212,145.95572
71213,150.95395
71216,133.08266
71217,127.66218
71247,144.63927
71251,167.30154
71252,166.83455
71255,160.72546
71277,144.31453
71278,148.89182
71281,143.84346
71286,152.82385
71309,132.66693
71310,156.40193
71337,146.55977
71341,154.18622
71342,160.00992
71345,161.09538
71377,146.34633
71378,149.98859
71406,134.71811
71407,135.12178
71433,149.85179
71436,153.70901
71437,148.53261
71440,163.17282
71468,143.62526
71469,143.68674
71472,159.54924
71497,146.03772
71501,131.44537
71529,144.94463
71532,136.38493
71533,137.07559
71536,153.13803
71562,146.70813
71563,152.7114
71566,138.30264
71571,155.43484
71594,147.29391
71598,146.44864
71599,158.88573
71634,153.2065
71635,138.76093
71663,142.95619
71664,147.8998
71667,140.00717
71694,145.25711
71695,147.97623
71698,139.14215
71699,156.18835
71732,130.52296
71733,141.06863
71736,155.93184
71763,146.18384
71764,147.0117
71768,142.03366
71772,163.54437
71797,152.59334
71800,141.06145
71801,134.64014
71813,129.10696
71831,156.18646
71854,160.5061
71855,152.8407
71869,141.96616
71870,150.22534
71901,132.8339
71904,161.73013
71928,135.4273
71929,137.7742
71939,137.7902
71940,134.64447
71954,142.1286
71958,142.3523
71963,146.10129
71985,139.06094
71995,146.68883
71996,147.10976
71999,164.49474
72000,151.06416
72004,156.06052
72015,143.40216
72016,146.18317
72019,135.85054
72020,133.0274
72048,146.66922
72051,138.90808
72054,156.13327
72055,154.04886
72075,134.16321
72076,152.05484
72087,147.77203
72090,157.9342
72091,159.20387
72094,156.87738
72106,128.32028
72118,146.59048
72121,152.82399
72122,155.23082
72125,144.16953
72149,128.40201
72150,135.01825
72159,144.27121
72170,143.7585
72171,141.12921
72190,131.32268
72191,132.62842
72227,142.80055
72228,148.12672
72229,132.48407
72280,121.220024
72282,127.11911
72283,120.240746
72347,130.98483
72826,142.48108
72863,158.35315
72864,161.49939
72869,162.80801
72870,156.69975
72883,113.97676
72884,90.62288
72889,150.0168
72908,149.53525
72965,154.79128
72971,163.87103
72987,112.93555
72988,125.18352
72989,149.64743
72994,151.1813
72995,152.60382
73069,157.05222
73070,162.56218
73081,118.45624
73083,153.87355
73088,145.0568
73089,146.14554
73121,153.42569
73129,123.797646
73136,155.86234
73153,160.56705
73206,168.65724
73211,166.62103
73212,147.74365
73225,125.25598
73227,147.54254
73653,168.54565
73654,163.80014
73655,160.4956
73667,118.5405
73668,139.32304
73669,124.53583
73772,158.7248
73773,154.772
74183,149.69841
74221,146.20895
74222,146.80466
75684,151.90456
75685,141.29907
75686,148.56104
75692,139.58539
75741,144.34085
75756,151.93193
75765,150.07755
75766,151.57315
75801,155.63556
75802,153.09912
75807,158.29265
75836,135.47728
75841,153.04802
75880,89.05101
75892,146.0593
75969,103.33354
75980,155.39183
75986,145.02484
76007,155.0896
76016,152.46948
76017,147.48398
76020,139.3495
76021,136.28014
76035,149.38943
76049,159.2698
76050,153.70476
76053,150.99892
76054,158.02397
76082,87.09964
76123,147.41187
76239,153.38852
76262,158.50523
76265,153.75656
76266,143.00665
76302,153.81323
76353,150.14688
76368,150.3291
76369,145.6086
76374,148.62424
76375,142.7399
76390,158.07388
76413,158.35965
76414,163.16347
76468,169.20555
76473,166.41338
76474,149.72531
76487,115.35999
76490,149.25452
76575,152.11156
76577,144.35052
76589,142.578
76625,144.89403
76655,131.05489
76656,127.43425
76683,147.52777
76684,148.9664
76731,158.53616
76747,100.69615
76818,160.01546
76891,150.90428
76937,80.52644
76962,162.7214
77041,159.92395
77042,147.9864
77077,139.18454
77104,142.04485
77119,151.43567
77168,144.30083
77170,158.86766
77171,132.0866
77177,147.26587
77191,142.0291
77192,139.6908
77228,146.34306
77248,147.11107
77249,128.33742
77252,154.74184
77292,130.51617
77338,162.0254
77340,141.79875
77361,148.3504
77425,136.19981
77454,131.96448
77455,117.17006
77538,154.10239
77539,167.55096
77542,151.0864
77543,140.33301
77559,138.36151
77595,160.23969
77665,140.18738
77739,153.07057
77744,144.13654
77745,126.16719
77851,153.51239
77940,103.74715
77997,143.31769
77998,136.99924
78006,148.47363
78038,152.87695
78095,136.1429
78144,150.65218
78162,121.519844
78210,134.72122
78290,108.560005
78342,160.99431
78391,168.66364
78392,163.66226
78395,165.26416
78396,152.65958
78409,123.32022
78411,143.79625
78444,153.5484
78510,145.95135
78516,149.06326
78539,153.60255
78540,157.31563
78613,120.24883
78726,141.89633
78727,146.4504
78734,127.97351
78800,85.46832
78839,152.10973
78840,156.88704
78862,143.16827
78871,161.48233
78872,163.2265
78875,146.5462
78878,149.7572
78908,153.1258
78931,143.71492
78958,121.55939
78980,159.40926
78992,136.92162
78993,151.22646
79036,158.63803
79056,155.4874
79057,142.27505
79059,156.6535
79064,150.5071
79089,157.9369
79103,155.04622
79111,153.16907
79133,151.17474
79136,133.7492
79143,135.6577
79159,145.84468
79196,100.022
79209,153.4318
79247,151.21225
79269,161.54439
79275,150.10025
79338,156.24039
79339,149.83504
79343,154.13834
79344,143.14398
79363,140.23381
79386,151.87137
79447,152.08969
79465,137.16216
79571,155.22409
79587,158.89786
79592,141.59117
79593,148.01102
79623,131.92653
79628,148.89767
79629,136.07433
79716,157.91055
79717,147.67555
79722,156.40489
79723,157.18582
79741,151.56331
79742,157.31621
79748,143.60913
79749,147.24977
79881,94.35769
79887,130.81978
79926,139.1528
79957,150.09253
79967,157.61682
79968,149.26318
79969,147.37468
79970,132.94377
79974,139.9967
79983,150.31589
80042,144.16327
80046,146.88275
80162,158.64958
80171,139.49611
80186,144.18198
80191,138.03502
80192,122.73587
80222,125.50734
80252,121.07752
80253,101.07057
80280,154.94868
80281,156.97934
80286,145.12045
80319,153.3156
80321,155.9232
80327,151.92892
80334,114.7444
80347,155.29863
80373,157.48093
80374,133.31508
80379,147.37978
80380,130.63501
80400,127.81857
80517,121.52137
80528,132.07222
80586,148.47989
80606,130.2814
80611,154.18205
80625,154.56328
80644,140.84547
80645,134.35918
80646,143.40974
80647,150.63383
80652,152.49106
80653,139.16174
80665,135.2613
80741,156.67697
80770,109.22955
80771,103.72627
80786,148.42642
80790,133.68182
80805,146.82466
80828,144.62415
80869,131.24934
80948,144.49815
80949,138.17656
81001,147.34697
81006,147.67975
81007,150.8
81015,145.61656
81049,151.59604
81091,162.2347
81191,116.795944
81192,93.62134
81215,135.94383
81260,136.30368
81354,151.42706
81361,154.73692
81454,151.19904
81480,157.53609
81481,142.66441
81546,154.6357
81551,153.90962
81556,143.78862
81570,139.20734
81573,139.81302
81581,154.21089
81707,149.53271
81816,152.43187
81817,146.26727
81923,141.52339
81968,151.26999
82023,144.88057
82035,149.2529
82128,130.30421
82171,154.13109
82241,159.93866
82423,152.27924
82425,151.84071
82482,148.46887
82483,154.19531
82496,136.49214
82497,138.73917
82515,152.3298
82538,154.94568
82570,157.26736
82596,143.70795
82636,150.27539
82650,161.14055
82775,144.4516
82860,136.77748
83176,145.36427
83179,138.24788
83188,78.14496
83189,133.42342
83190,125.75787
83233,115.31647
83234,104.92207
83236,140.34457
83258,134.6874
83317,136.72981
83353,153.95334
83364,100.90384
83365,94.11131
83367,122.68679
83378,151.08617
83379,147.01395
83533,162.74265
83534,155.78233
83537,146.21909
83547,116.68036
83550,116.91368
83710,133.51297
83747,141.36206
83771,157.42538
83792,150.73314
83810,141.29097
83837,161.6396
83842,149.34035
83851,145.14687
83852,135.92918
84018,156.69061
84077,130.66843
84113,100.50459
84114,103.82413
84151,147.56093
84166,152.74832
84208,148.64603
84236,143.10736
84256,132.16467
84273,154.6864
84274,146.74423
84283,141.33998
84310,156.37402
84357,115.48175
84358,117.56321
84374,148.53954
84409,155.63153
84453,155.55962
84494,162.79254
84501,151.95128
84511,143.82245
84584,153.64543
84588,155.02367
84610,145.90384
84630,151.01125
84635,130.87817
84653,145.61176
84664,142.59286
84686,160.7926
84687,155.13315
84693,128.43991
84697,147.1622
84722,130.37482
84723,134.76732
84743,113.44844
84780,154.11926
84787,146.09949
84788,145.65776
84811,162.23601
84812,141.45761
84813,159.69794
84819,148.12903
84820,149.2004
84823,143.52805
84850,161.70097
84862,150.70541
84868,153.87593
84869,148.38745
84890,141.21729
84908,166.98755
84909,152.80734
84911,145.37938
84915,150.98947
84929,136.34962
84960,139.59819
85011,144.2704
85064,153.60901
85070,134.1381
85080,139.95035
85111,155.02193
85116,143.29527
85143,91.47132
85146,158.4628
85170,162.98328
85171,164.12132
85208,145.80716
85218,146.13971
85233,144.05917
85253,152.37083
85300,134.98123
85310,133.09248
85328,144.79016
85329,136.30348
85332,136.7924
85333,141.69638
85345,153.82016
85379,142.15279
85422,158.24673
85423,136.57283
85430,151.28078
85449,116.6218
85456,144.74161
85457,141.1849
85494,151.35593
85519,146.52765
85637,120.98277
85685,138.54494
85701,151.8299
85765,138.75838
85799,146.51613
85807,142.54675
85819,149.40735
85859,147.26086
85871,153.89792
85872,135.99443
85879,116.36751
85891,152.5527
85904,146.1547
85945,154.80257
85950,143.70224
85951,150.13426
86003,153.02902
86004,146.93225
86009,148.05875
86030,105.32516
86073,141.36285
86111,154.97379
86121,157.49966
86144,152.56012
86160,142.33502
86176,137.871
86234,128.65356
86237,136.37624
86360,150.12329
86369,154.664
86396,146.77966
86397,143.93692
86447,144.71611
86488,118.47179
86489,97.82871
86500,157.1416
86506,143.01697
86533,111.748856
86534,93.11212
86586,136.30148
86604,152.42377
86625,163.46199
86665,138.20898
86667,149.43277
86668,141.01874
86703,155.03809
86731,149.23178
86736,133.78337
86755,152.59799
86757,138.89693
86762,153.39331
86768,151.00735
86779,147.4483
86833,155.28516
86834,150.13713
86835,152.64343
86836,143.08008
86842,147.52167
86855,154.62581
86856,146.53133
86857,148.35608
86866,117.011826
86871,146.91754
86926,119.96938
86928,110.29826
86983,149.3367
86984,144.22145
86989,123.0386
86993,135.88974
87024,142.77588
87029,137.1667
87047,160.85585
87053,92.11667
87054,105.336464
87129,146.9247
87156,116.599846
87157,90.505646
87179,146.87364
87225,106.75208
87244,156.85933
87245,145.53262
87250,150.97794
87251,139.98032
87274,142.36928
87297,138.73036
87316,149.0618
87345,148.77528
87389,153.50809
87407,150.21802
87413,104.31379
87414,96.520935
87442,113.48881
87480,119.36608
87481,93.06357
87503,151.55081
87504,137.10567
87509,135.29973
87514,136.29924
87558,150.0463
87614,139.45334
87648,147.58994
87649,146.79956
87685,142.97607
87690,145.62144
87691,135.99094
87693,141.56693
87726,109.24939
87730,145.61818
87755,159.0133
87756,162.34412
87801,129.73643
87804,141.6536
87877,162.36008
87878,159.05176
87884,147.17711
87923,150.53326
87924,136.10748
87928,136.81342
87938,150.22159
87978,132.42365
87986,154.91528
87993,147.08038
87999,152.68846
88011,143.47534
88024,166.05562
88044,119.91069
88045,120.33126
88048,151.84656
88063,131.99863
88111,162.19278
88112,155.2608
88118,151.72894
88144,118.91808
88161,145.53252
88167,142.74782
88168,147.59755
88200,108.94387
88239,147.2108
88240,138.27066
88262,163.92668
88263,151.33208
88297,134.73601
88339,149.1049
88359,125.56904
88389,131.25174
88390,133.49669
88398,131.63351
88433,111.22852
88434,108.469696
88456,150.11734
88457,153.57492
88479,161.9581
88481,145.72885
88515,107.16971
88538,156.64644
88539,152.03079
88544,136.88156
88568,142.06259
88577,97.6041
88588,134.63646
88594,133.81618
88599,155.50955
88608,135.5182
88625,120.47095
88646,127.20154
88672,128.1142
88674,143.0978
88681,138.35356
88684,146.41968
88702,142.83528
88721,130.78035
88729,134.07887
88759,149.01776
88760,139.85783
88766,144.00488
88775,146.90565
88790,150.17958
88797,148.32297
88805,157.11246
88824,132.79901
88834,118.644066
88835,122.576385
88839,80.72055
88840,77.25218
88843,139.10715
88862,151.7457
88904,132.23587
88931,150.8818
88932,152.64247
88933,159.76044
88950,114.508934
88953,148.20091
88966,140.89467
88981,154.73048
88993,144.03102
88996,108.67171
89000,152.06012
89015,153.29512
89034,95.923195
89036,156.54361
89048,125.9268
89070,145.27768
89083,148.17725
89084,135.42769
89090,152.469
89095,145.94652
89102,149.20796
89118,147.33195
89153,154.13443
89167,146.82867
89197,133.30579
89229,145.72359
89230,152.68304
89243,151.93027
89249,108.666145
89300,135.01266
89303,152.52448
89310,114.004555
89311,92.10752
89312,146.3022
89320,154.1629
89321,151.01654
89325,149.53908
89326,141.75757
89340,119.10416
89341,116.13074
89362,155.83446
89375,141.89648
89381,147.13934
89387,145.04773
89391,139.781
89392,148.27185
89407,158.29532
89507,127.01171
89557,132.07372
89558,130.52815
89630,135.89525
89631,132.34206
89662,158.11395
89673,161.56763
89678,104.314316
89679,90.479004
89690,109.517815
89691,106.43929
89715,112.72949
89725,140.00354
89726,136.44855
89772,158.26404
89773,139.94096
89866,84.55466
89911,121.44664
89922,115.26377
89923,104.48636
89942,120.65007
89962,146.4524
89998,124.26215
89999,126.94152
90013,110.69714
90014,134.13327
90015,131.17111
90047,157.81738
90057,117.35072
90058,107.43898
90059,138.27539
90060,144.4065
90077,111.4877
90078,104.37066
90125,154.09894
90133,90.79879
90162,90.65814
90181,112.783
90210,108.67781
90229,155.08914
90234,142.02347
90242,98.350784
90259,143.25356
90266,92.315735
90283,126.027885
90311,154.03494
90312,151.68018
90319,109.445114
90320,99.166626
90321,139.73654
90322,132.25375
90343,160.30225
90344,153.70363
90353,115.19665
90370,110.20715
90371,91.16482
90415,106.45283
90443,153.37166
90444,151.09161
90453,119.34435
90456,134.35822
90485,105.54788
90567,157.5946
90603,113.77746
90604,103.52916
90606,104.810005
90654,92.30334
90678,130.44072
90681,147.2124
90689,105.139595
90690,96.44923
90709,160.8002
90715,130.5044
90742,155.10954
90782,151.101
90788,109.32266
90820,107.07984
90821,113.41133
90846,151.29904
90870,153.3154
90871,150.9877
90879,109.52646
90905,143.33632
90918,93.860466
90919,110.37665
90921,139.18222
90942,159.03862
90947,130.02785
90959,112.215836
90960,119.2574
90983,113.62012
90990,126.77551
90999,104.80519
91000,95.9513
91002,105.89569
91022,140.71237
91032,115.40296
91033,95.64485
91057,114.85452
91162,102.28482
91163,141.16539
91181,152.54721
91182,140.83609
91187,95.02379
91302,112.29406
91334,159.87474
91395,137.48401
91403,92.307236
91420,100.10115
91421,89.14728
91448,152.1603
91449,152.46213
91458,146.27338
91520,121.38555
91521,109.4419
91538,158.2661
91546,118.79057
91585,144.95795
91586,136.70639
91591,147.99377
91592,140.67744
91599,118.28468
91600,111.571045
91614,89.79167
91615,90.09953
91654,158.92328
91686,99.736115
91687,90.60759
91772,101.524284
91795,146.30302
91808,104.74513
91809,104.00143
91811,148.0076
91990,145.7179
92016,101.3392
92033,128.73093
92040,87.95008
92041,84.11978
92074,95.82963
92090,116.464874
92091,97.91555
92130,112.26181
92192,136.1798
92264,147.62473
92273,76.916306
92274,126.17608
92275,128.23157
92341,76.6591
92342,84.807686
92372,117.944244
92381,80.62567
92395,137.72066
92402,83.61421
92420,97.13686
92438,153.62032
92439,141.63443
92445,114.74394
92446,119.95766
92461,161.1331
92473,162.49814
92484,156.14017
92507,148.9091
92508,155.15013
92519,152.31775
92582,156.23158
92583,153.01746
92630,144.46306
92642,141.86266
92704,164.96506
92716,150.86267
92728,149.30441
92729,162.65329
92751,149.91309
92752,156.91602
92763,151.4523
92775,154.13614
92787,136.14374
92811,150.6351
92830,148.38324
92842,133.39427
92854,154.80783
92922,138.83127
92934,164.67064
92960,151.1763
92979,133.64592
93011,149.87189
93022,134.17638
93023,130.02997
93034,149.45993
93046,156.27559
93057,156.54346
93058,142.49362
93111,154.14214
93123,160.47005
93147,149.19232
93171,164.95558
93183,146.74889
93184,144.082
93204,151.99333
93243,156.86954
93266,150.93222
93267,152.11081
93279,153.67853
93302,164.91208
93303,166.61957
93315,155.35246
93358,143.21063
93359,126.73453
93406,152.16235
93407,151.5873
93426,147.75114
93427,141.04361
93446,145.11023
93447,135.37347
93465,159.08737
93466,154.94266
93477,144.03238
93478,146.32661
93488,163.39153
93489,152.54326
93510,161.98952
93511,146.31488
93531,139.21356
93542,155.43782
93604,148.93787
93605,141.63504
93616,136.93442
93662,150.0918
93663,148.43279
93702,135.63675
93703,129.76201
93715,150.47763
93726,127.68692
93749,155.22684
93750,145.09879
93774,149.63748
93784,150.627
93814,149.2479
93815,133.27078
93849,132.89851
93850,138.805
93873,140.949
93874,142.10548
93917,144.55511
93918,138.30905
93926,153.55472
93943,122.10934
93944,130.58371
93951,157.26678
93952,152.18433
93957,140.14319
93958,140.30733
93963,149.05833
93964,152.2718
93969,156.56926
93970,140.6923
93974,143.05971
93977,120.35779
93978,104.563034
93988,107.15484
94002,117.676796
94003,113.17834
94024,109.89504
94025,119.87062
94035,134.8288
94036,145.02176
94039,136.99535
94040,146.27957
94045,153.1017
94046,152.15503
94048,150.12039
94049,132.75829
94058,151.06683
94059,142.4387
94064,103.58408
94065,117.13503
94078,105.04662
94103,162.73518
94110,114.57552
94118,127.94125
94119,143.01303
94121,147.42038
94130,151.0787
94136,146.03339
94143,155.43356
94144,148.67345
94147,126.61539
94148,133.16788
94156,156.58566
94159,150.38641
94160,141.4774
94171,145.76611
94176,154.47232
94177,148.10576
94183,138.74345
94190,153.7544
94197,137.39679
94209,108.260956
94210,109.91144
94224,101.4606
94238,119.91495
94245,148.7554
94252,113.9087
94259,151.64188
94264,143.5911
94265,136.60555
94271,149.58734
94276,149.75671
94293,158.81354
94300,117.88034
94312,147.0329
94318,102.950836
94439,129.2446
94445,148.02097
94446,141.7096
94459,107.45492
94474,109.57671
94480,155.5822
94486,149.0484
94487,143.98482
94500,104.47646
94501,98.8269
94514,144.57657
94515,148.89836
94540,154.02536
94543,146.49727
94551,155.56836
94554,148.7776
94558,157.9945
94559,152.93347
94575,103.823654
94583,135.39322
94584,134.23294
94596,107.18879
94606,146.21147
94607,144.69098
94610,133.83043
94639,96.2033
94654,121.07331
94655,111.16259
94669,110.14903
94670,108.69121
94681,136.4736
94682,146.89584
94686,115.99907
94687,100.17571
94703,142.32672
94715,138.98842
94725,116.39136
94738,110.773285
94748,147.06578
94749,145.4677
94760,118.44167
94771,138.75542
94785,150.64561
94786,149.7698
94791,105.16916
94792,101.062836
94801,139.64183
94802,144.1984
94809,83.3316
94810,87.83535
94826,99.60193
94842,119.7227
94843,121.927475
94851,161.52927
94852,157.3122
94856,149.86124
94868,96.31077
94880,97.9931
94890,147.6988
94893,147.13531
94908,105.02799
94919,151.5834
94920,146.88564
94928,146.922
94933,145.54988
94942,154.80861
94943,153.21304
94949,105.31468
94961,91.45971
94968,155.6833
94977,131.32605
94978,156.46368
94982,137.2403
94983,132.70256
94988,152.50291
94993,150.17865
95007,136.6107
95014,147.13423
95021,136.57303
95034,104.81866
95043,146.90033
95044,126.41621
95048,146.82613
95056,122.848076
95062,138.00955
95063,141.906
95076,102.48463
95077,90.34941
95092,116.267624
95093,105.74706
95117,108.63261
95132,113.00302
95142,139.57759
95143,144.69525
95146,147.71411
95147,133.73575
95152,146.58508
95153,122.41862
95174,122.30183
95192,108.20311
95215,141.15129
95216,146.07034
95221,139.9501
95236,138.7088
95241,96.72893
95242,89.9902
95253,98.04453
95264,146.58876
95267,129.0929
95268,135.74887
95275,112.59835
95276,96.39064
95285,152.38643
95298,131.7534
95302,118.6403
95309,141.66675
95310,150.0487
95316,157.65639
95327,88.89759
95332,121.16015
95333,152.90526
95337,152.08682
95351,103.577835
95352,99.27659
95358,147.2051
95364,147.45956
95374,149.28487
95379,89.122055
95394,98.230774
95395,84.15471
95404,149.79684
95405,129.4997
95409,140.96002
95410,130.29665
95414,153.11841
95420,140.81493
95426,145.35306
95427,129.32349
95432,131.20764
95433,131.36821
95452,113.48328
95459,87.05909
95474,130.20172
95479,146.323
95480,136.15373
95482,148.97922
95483,147.8764
95487,157.2364
95504,104.19294
95505,88.00453
95515,109.63257
95516,96.84493
95547,148.81543
95548,140.81546
95560,114.61249
95561,116.23427
95568,136.90506
95571,140.60535
95580,98.641685
95581,93.78448
95591,110.815
95601,111.38765
95610,142.50464
95611,124.81152
95616,139.92194
95623,84.875496
95624,69.46617
95638,99.44824
95644,152.64758
95645,139.77354
95649,144.19037
95655,88.322586
95659,99.13728
95668,143.52922
95669,136.65399
95675,124.638016
95698,123.13012
95701,135.39473
95705,91.33579
95709,116.32458
95719,146.79823
95720,147.90999
95725,104.47725
95728,98.00664
95737,153.88687
95740,157.94783
95741,162.6282
95744,142.97066
95761,152.12558
95762,144.73286
95774,149.57297
95776,154.90501
95777,139.56369
95781,153.30994
95797,150.77469
95809,156.09857
95813,146.4638
95817,140.40224
95818,138.96939
95829,156.48248
95842,137.57257
95845,160.88057
95854,155.97035
95857,161.56729
95858,160.08199
95864,148.87938
95865,142.67314
95867,131.74307
95870,166.12636
95884,133.845
95885,141.89096
96004,121.21575
96041,151.33951
96044,141.63818
96051,90.46514
